<?xml version="1.0" encoding="UTF-8"?>
<!DOCTYPE mapper PUBLIC "-//mybatis.org//DTD Mapper 3.0//EN"
  "http://mybatis.org/dtd/mybatis-3-mapper.dtd">

<mapper namespace="item">

  <!-- 아이템 스냅샷: 장바구니 담기 검증/가격결정용 -->
  <select id="snapshot" parameterType="int"
          resultType="com.bapseguen.app.dto.view.ItemSnapshotDTO">
    SELECT
      i.ITEM_NUMBER      AS itemNumber,
      i.BUSINESS_NUMBER  AS businessNumber,
      i.ITEM_NAME        AS itemName,
      i.ITEM_PRICE       AS itemPrice,
      i.ITEM_QUANTITY    AS itemQuantity,
      i.ITEM_SELL_STATE  AS itemSellState
    FROM TBL_ITEM i
    WHERE i.ITEM_NUMBER = #{itemNumber}
  </select>

	 <!-- 가게별/타입별 판매중 아이템 목록 (페이지네이션 옵션) -->
  <select id="list" parameterType="map" resultType="com.bapseguen.app.dto.ItemDTO">
    SELECT
      i.ITEM_NUMBER   AS itemNumber,
      i.BUSINESS_NUMBER AS businessNumber,
      i.ITEM_TYPE     AS itemType,
      i.ITEM_NAME     AS itemName,
      i.ITEM_PRICE    AS itemPrice,
      i.ITEM_CONTENT  AS itemContent,
      i.ITEM_QUANTITY AS itemQuantity,
      i.ITEM_ORIGIN   AS itemOrigin,
      TO_CHAR(i.ITEM_EXPIRE_DATE, 'YYYY-MM-DD') AS itemExpireDate,
      TO_CHAR(i.ITEM_CREATED_TIME, 'YYYY-MM-DD HH24:MI:SS') AS itemCreatedTime,
      TO_CHAR(i.ITEM_UPDATED_TIME, 'YYYY-MM-DD HH24:MI:SS') AS itemUpdatedTime,
      i.ITEM_SELL_STATE AS itemSellState,
      /* 대표 이미지 1장 (없으면 NULL) */
      (SELECT ii.ITEM_IMAGE_SYSTEM_NAME
         FROM TBL_ITEM_IMAGE ii
        WHERE ii.ITEM_NUMBER = i.ITEM_NUMBER
        FETCH FIRST 1 ROWS ONLY) AS itemImageSystemName
    FROM TBL_ITEM i
    WHERE i.BUSINESS_NUMBER = #{businessNumber}
      AND i.ITEM_TYPE = #{itemType}          /* 'FOOD' or 'INGREDIENT' */
      AND i.ITEM_SELL_STATE = 'Y'
    ORDER BY i.ITEM_NUMBER DESC
    <if test="offset != null and limit != null">
      OFFSET #{offset} ROWS FETCH NEXT #{limit} ROWS ONLY
    </if>
  </select>

  <!-- 목록 개수 (페이지네이션 총건수) -->
  <select id="count" parameterType="map" resultType="int">
    SELECT COUNT(*)
      FROM TBL_ITEM
     WHERE BUSINESS_NUMBER = #{businessNumber}
       AND ITEM_TYPE = #{itemType}
       AND ITEM_SELL_STATE = 'Y'
  </select>

</mapper>
